id,sport_type,name,visibility,start_date_local,distance,moving_time,elapsed_time,average_speed,average_cadence,total_elevation_gain,elev_high,elev_low,average_heartrate,max_heartrate,average_watts,max_watts,weighted_average_watts,kilojoules,summary_polyline,resource_state,distance_mile,moving_time_minute,pace,total_elevation_gain_ft,week,weekly_milages_cumsum
14677298402,Run,Afternoon Run,followers_only,2025-06-02 17:59:48+00:00,8725.5,2921,3134,2.987,86.0,39.0,38.0,12.0,158.3,188.0,163.8,338.0,163.0,478.3,_}{wFfbqbMb@b@DN@Zc@|B[t@Ib@KTm@NoAf@MR_@x@GFi@S[`@s@CABLNn@XJRV|@@PIp@@JDFt@R`@BXCT^p@j@bCtA~@Dd@I|@T`@CRBFVLJj@h@^Pf@`@d@Tl@BPH^p@XNd@j@h@z@Tl@NPv@ZbADTFPL`@n@j@xBb@h@l@Z`ABRDXRRDl@^f@f@rBjAh@l@NHP@b@OZBPLn@v@XJz@v@ZNn@FPHTd@\TPVXXZJt@Bh@JZ@x@Gf@Y\AlBf@pAl@|@r@bABx@^LTb@Xf@t@lAf@d@f@n@JhAp@TTZh@^X\HvAn@pAXT`@^vAd@^v@`AvBtANRd@rAfAvAN^Fh@?rAFPt@\f@d@t@JlAbAp@^JN^TXVl@\d@L`@`@j@Ft@Tx@v@L`@f@Vp@JtApA`Bn@l@^z@XZj@VZ\LzAbAh@d@hAn@^\`Ah@XTpA|@h@JXNl@NVXPA@]RiARg@Ja@Jo@@_@h@gANo@Du@n@sBV]NEDM?UIQ{@e@s@?OCq@[iA?k@I_@]_@o@O@KE_@]_@c@y@aBQe@OOaBo@G@SRGAo@k@q@]gAy@KGq@Gq@YUYA_@CGOOYa@Wo@KIk@M{AiAi@MYSYKkA?sAs@i@g@Ui@W]gC_CUc@Qq@y@MUSk@w@[KiAm@aAWSOUKu@y@k@Su@i@U_@c@MuAcAm@U[So@s@k@WmAaAa@GiAs@WWQ?SIk@k@gAk@cA_AU[q@OUk@W[Oi@w@C{AoAWCe@S]AICUc@e@GMGmAyAi@QQa@UYKGi@@KKSg@QQk@I}@g@{@yAm@EoCkAi@_@g@i@GCS@s@m@o@_@y@MGGKUa@_@EKG]IIq@CeAaAg@OYSa@u@]Q?WEQi@s@SSi@kAc@_@a@Io@B_AJYGWQ{@]W_@SOGQKAu@y@e@UcAWGIGDFAYQo@u@a@W_@KIBEFQAGJQdAUl@O~@_@x@`@gBTkBBTCL@b@K\Gf@Wf@Kb@GJ^gAZ{ARq@[BHBDH]n@?^Ad@HZF@OPe@XCDHEFO^mBVk@V],2,5.421787813637889,48.68333333333333,8:58,127.95276,23,5.42
14689950841,Run,Evening Run,followers_only,2025-06-03 20:04:37+00:00,15456.7,5128,5654,3.014,87.3,119.0,44.0,-1.0,155.7,188.0,157.5,333.0,155.0,807.5,eu{wF~|pbMf@q@H_Ah@mAR}@VkCXk@f@_CrBiG`@e@ReBl@}@Nk@Z_@Pk@l@e@Xm@Bu@p@yDPwC\WpDPt@m@Te@@iCTeArCwDP{AC}@SqBtAmIBs@MkADw@`@iAt@i@Ze@X}Bl@yCl@e@Zo@f@wDTa@\QvAz@fAs@zAeBFc@Yq@@Q`@u@j@gBz@aAE[h@aAz@cCn@eDt@{ALm@Z_@\mAH}An@{Cr@iAL}@~@wCv@y@HyBp@g@x@wAb@}Dd@q@F_@?aAMSl@Wb@i@f@yA?c@l@OTUFKCOb@w@b@Hf@_@RD~IbHrBlBjOtPlE`GdAz@fCjA~DpChF|ChCdDb@fAeAc@q@bAIY]HmBe@Ug@cBYQSGc@}@E_@W_@i@qBcA[c@aASw@gAe@dAK~@{AxGoBdDWbASBMUVc@Gi@FcB~@qAh@{AV{AhA_@ZWZo@LuBfAgCBe@Z{@r@qDj@oBrHoSJw@\y@dAgE~FcQlC{JlEyL?c@\oAbAuCt@oATgAf@uArF}K_@t@M|@m@nBqAjBu@l@k@`AgCpG]dABf@}AdEqCpIiCpIcBbEc@|Bk@fAyBnHaA|Bo@lDgBzEe@fB}ClH{@|COlAiA|EmAtCk@`BGhA_@nBeA|BG`Aa@j@@X}@`Bc@tB@n@P`@xAb@dAx@f@IX`@dAb@dArA`Ct@|@~ApAX|AtAvB|@hClBPZx@?NX\?lBpBrAf@|AvAn@NXXx@dBh@JxAjBlDfAnBdAWXS|@ErBg@`BAfC_AdD_@zBu@`A?T`@T^f@C|BT|Aa@r@An@MZwA|@C~@M`@CvBNjCGt@F|@Kx@ExA@jAGPq@@cBxA}@NmAv@q@jA{@|@_AbBWfAKjCgAdCM~@Bp@^v@W`@c@TS`B_Ap@[bAcA|AWdBgAlBSfAk@l@i@pAy@t@a@pBAvCy@`A_A`CcAtAw@lEe@jAMrCiAv@KT_@tBaAxBAb@a@rBu@pAIz@TZ_ArAo@n@GbAa@x@SjBkAdAId@^mBREi@|@M|@D[\i@zAiEGhAm@nAATNV\CLORiA}AzD?]b@mANaAv@mADUMv@k@p@WbAARF?K?,2,9.604371978575069,85.46666666666667,8:53,390.41996,23,15.03
14699177135,Run,Evening Run,followers_only,2025-06-04 18:12:47+00:00,7706.9,2578,2686,2.989,87.2,8.0,71.0,49.0,161.6,179.0,157.5,264.0,159.0,405.9,k}{wF~iqbMU@S\e@LWVw@d@_@^OVGXE^Pb@GFSFFR@`@L`@A\I\@HDFFDf@Hp@Dd@`@|@VXTZLh@f@HLdACZTh@H\Bv@^b@Hn@\p@Vh@f@FPLNJZJR|AjARTTb@XZr@\|@p@hARLH`@v@F|@FXN\RXRFF@`@K`@@J@j@ZHD^b@d@T`Al@j@T`@^\d@RNHL|@GJ@PJ`@f@\P\LNTTHf@Fv@XJHRb@XZLTNFNTLBf@A\Fl@ApAMd@AL@j@N`@DRRNHnAf@L@b@GrAEHFHXFFh@XTPTd@JJz@b@hBbBb@NZV~@^LJNTb@Xt@Th@@r@b@f@LNLPRVz@b@h@LnADJHFVLt@LRF|Ar@FHLZJx@L^BPh@p@VNb@JFHAXMd@C`@DP\j@`@ZFLRVn@ZV^f@Fr@b@HRZd@NNb@XVHd@HVRRF`@DRHZVh@Vt@l@f@Zl@\r@XVPV\FDbAf@r@Vb@f@f@Z|@z@n@Z^^ZPd@Jf@Zb@P^X\Lx@l@Z`@z@XXNJL@TPRRPh@V^^^Jt@@NDHJPh@^\VJl@LPJd@Fb@@v@XlATPHl@Nb@V|A`@x@ZVBLUJ]DCr@?VBXFTJ\TVHNLH?PIZY\SRAp@FFCHUFs@FUHWRSZDF?v@YPEh@Av@GrAHnAS`@C\BPHL?ZLx@TdADh@LhBPNFDF@XDHDFhAXLHf@Ap@Kn@C\I\EP?TDRFJJHRDD^DFBFHPh@PJ`@Lj@DNFXCPBLHhA^`@BZHx@`@n@LPHZBd@L^VlAVb@Vx@RH?PEh@A`@G^HPFfB@jANhAAlAJvA@j@Hh@CnABZCb@HdBHf@Hj@Al@SL?HDVTLFp@Dd@A`CF`ARj@DZ?n@GlAJFATORAHDFF@RFBF?`@MNMn@kABIAGGQECXu@@o@DW^g@TMDWDGNIBICU?YCMKK]MGGM[OQiAm@MIGM@_@\gBH]n@wAHW?kAd@eBH_@Bc@AsACMQs@[_ASmAWu@YaBg@_CKy@,2,4.788857544086396,42.96666666666667,8:58,26.24672,23,19.82
14699519721,Run,Evening Run,everyone,2025-06-04 19:17:46+00:00,4900.1,1511,1525,3.243,88.1,2.0,11.0,4.0,181.9,193.0,183.2,270.0,187.0,276.8,oqpwFd~nbMNNb@HdCZT@RCPKNSHWAYIa@Q_@MKaEa@SBOJMREV?\BZJTRLJDtBRr@LX?PINQJWBYAQK_@OQOKoD[[?WJGHIVCX@PJ^PTHFTDzCTX@TKHKHc@?c@COGOUSWIe@C_CWWBKDMPGTAXBZJZPRLBp@FfBZ\@ZGJGHKDW@[Ki@IYKMSEqD[YFOJMREV@VFXLRRNjC^|@DJCNMJSDO@OC_@O[SSWE}DYIBKFGJI\?PD`@DNRTVHlD`@LAVKRYDO@c@GYMSWUYGaAGmBQQBQLMZAP?PJb@RZJFXHr@Fr@JbAFRENMFMHa@?OIa@KUQM[GiDYYDKFGJK^?PF^LZLLRFrAL`@J`AJRENKLQHU@[Gi@KUWUQG{@E{BUSDSPMZAXBVJZRVJFXHpALpAPXGJIN]DQ?QEe@GMQSeAQuBS[?SFMPIXAZ@PL^TTZHfAFjATXBXIJKHOHc@?QIc@IOWQi@K}CYWFKJO\CN@`@H`@HPJH`E`@T?HCPMLSFU?[EWKWYUeDg@c@?SFONIVEX?ZFXNTJF`@Ff@?rB^VAJCFQPIHKDWAYEWIWMQMIg@EiACmAUK?QDQNMZDV,2,3.0447885468577183,25.183333333333334,8:16,6.56168,23,22.86
14723892958,Run,Morning Run,everyone,2025-06-07 07:43:43+00:00,19009.8,6460,6613,2.943,86.1,55.0,29.0,7.0,154.7,187.0,167.4,267.0,170.0,1081.2,o{{wF`bqbMDp@Mz@GnAQfAg@r@kBz@m@d@aAhBOBYg@IC}@?y@Yk@Ee@Fg@f@QAaHsEgAk@_MmHu@k@eAg@cKsGiCgBiBw@_CsAgCeBoAgAwEuCw@m@aDqBeAe@yGsEuEiCqDoCoCwA_CeBuAs@gEgCmO{JuBeBcDkBgBuAoAo@i@m@uA{@yBkBiCoA{BcBo@SuAgAqFqCgAu@wAs@eDqBk@c@i@Oo@e@eAgAq@QaA{@kA]_HgEiDkCsAoA}D_EcAuAUOQ]eBwAaBcBgDyBu@u@{BcB[c@Gg@N{@AYq@u@]MMUa@Gw@a@SUKe@MQ}@]e@c@yCmBsAeBiBaBa@i@e@[aAqAgAw@k@s@iFwDG?OL[h@Of@}@p@iAVm@EwAy@i@e@iDiBq@m@qBqAcCkAo@o@[Ok@@SGiBgBoBUqEqCoBYyAa@uAQwB]c@[gAAuA_AqAC}AiByBq@c@[gAe@}CwBgBu@oBkAwCiA{@QyASsCF_EYeCJIDe@Iw@DaDCw@La@h@y@JWd@KFeFUoBFsAOg@T{@`AbAqAVM\Cn@PtIH\K\_@x@Kf@g@d@KhFEjAD|AIvDV|CK`@D|DbAjBv@dAn@xBz@pClB|A~@|@d@tAd@j@f@\l@ZPdA@lAf@v@BdAf@h@@bAX~@J`A`@pDl@dB~@bAt@`AZ~@Lz@l@z@|@|@FPFp@j@dCbBrAn@lHfEhAt@t@Jv@KbAi@h@mA\Ib@H~A`Af@h@xA`AnApAb@n@nB`BbBnBtDjDn@|@vApAdAh@f@d@x@b@x@nALt@hAfBZ\~BlB~@l@Nn@JLPHTGPHbEhDnAjA|EtFxG|FlCxA`CtAlAh@dAv@l@PvBjBn@VzItFfBv@jCvAjA|@x@VzC`CjClA|@v@zBvAv@t@|CrBfDtBlAbAhBdAlA`ArJ|FtFlDdGjEjDrBlA|@bDfB`G~DbKjGzAlA|A`A`Az@rC~AvBvA|BfArDbCfIvE~B`BvB`AjA`ArC~AzEfDjLxGfAz@fDdAtDhC^EVDBHH`APjLFTPD@QMe@By@GaA@q@Gw@BaAMmA@qAWUs@FUEyB{A_Cy@q@c@MQJq@AWe@{@e@q@BGPAn@Jd@VB}@lAqBlAm@Xc@d@Mr@gAf@k@p@k@,2,11.812171449165497,107.66666666666667,9:06,180.4462,23,34.67
14736911506,Run,Lunch Run,only_me,2025-06-08 12:30:18+00:00,8916.6,3018,3153,2.954,87.0,29.0,27.0,5.0,147.4,173.0,163.4,250.0,164.0,493.2,giowFhzubM_@^A`@Np@AhCFZLHPR?TIVYj@Wn@MRm@n@_@h@oAjCKXCX@FJAWBcAEiAVWNG@_BFaAJs@Bu@Ee@Aa@UWKm@O[D[RYH{@Ac@EKCEECOECcADg@Ke@CcA]Y?ICEGCM?g@UEE?CFA?_@MOC[FIFUDc@G{Ao@i@Im@Bc@CWLI@eAMo@Mm@CmASs@CoAOw@?qAOgAAi@Gu@A}@KUD_Am@s@Ku@AWE_@Dm@CeAAu@IS?_ATUBoDWg@?aD]_B?UGWQMESB[L]Bq@KcAAgAMk@?s@Bq@Kg@?}@Go@?iCM_@@s@IqB@k@Ii@@oAK{AIaEqAiAm@y@Yq@K_AUaAEsEq@[MKGQc@EEq@a@QGQAS@gAXs@Cc@DUCs@BOKQ[SW_A]E?MLSE[McBaAQEc@E_AUMBQJG?_@MYG]O}Ae@KBOL]b@IPMj@Wp@Q~@GF[EI@eAr@UTQLI@GA{@c@SG_AOeAEu@FoABSCyCeAgAUg@QeAYu@[i@K_@OYW[i@_Bs@_@Yg@S]]]Ss@g@gAi@uCaBc@][Om@g@gDyBg@Uw@i@YWmBqAw@e@c@[k@W_CqA_@MUKm@g@SYOMoB}@m@e@w@i@c@_@qAo@MMU]QIGIEWBk@EYO]g@u@w@eBMSq@k@i@WiAw@e@o@e@YcAu@w@u@SMWKg@Wk@e@}AcAYW]Qm@e@_Ag@y@i@s@q@YKe@M_@_@i@Oo@]mA_Am@WSCUGc@Bm@Ue@DkBI{AMWIa@[aAc@i@_@Ya@a@_@s@]_@KOKi@i@Wk@mA_AUUo@[[Um@QcAk@QQ]o@IGUIQOQE][OO_@w@s@q@eAo@iA_A_Ag@s@i@[]g@SeAw@UI_@AiAmAQM]Gm@a@WGOMa@k@GEKAOBYk@SQUGYSKCaAZY@IGi@s@KCSB[VUHI@ICq@_@_@OIGCKDaAEUIWYi@[YCI?IDCF?d@P`@TR@K_AR_@\MNORWj@c@z@e@PSb@]j@m@VMTCNQJQ\mA@OOY[a@OKUI[_@,2,5.540532143611667,50.3,9:04,95.14436,23,40.21
14749429708,Run,Afternoon Run,followers_only,2025-06-09 17:59:17+00:00,9260.6,3246,3246,2.853,85.9,62.0,52.0,29.0,142.0,160.0,158.6,212.0,159.0,514.8,ot{wFldqbMXGx@iCDgAl@qAh@m@FSVe@NcAJg@`@e@PYTi@Hi@b@y@Fa@Tk@@i@PcANa@Ls@@i@TYX{@\g@Jg@d@eAXUNcAX}@Fa@JS@o@^]f@yAXa@F?l@l@t@f@fA~@PDNKf@_A@KOQ_Bo@q@i@YAe@S_@A{@OsB_BQWcAi@eAWiAm@SUa@aAy@}@]M_BU}@g@m@o@eAe@Yk@_@a@a@s@CcAGg@DgBEa@o@}@MYq@{@s@Yk@?{@Ou@_@SSg@cACeCGe@EU_@u@mAkA_@Gg@Bm@Gq@Ui@a@qA{A}A{@QQO_@EQASJ}@JYp@{@`AgCt@cDFeAHUf@_Af@k@x@Yd@El@OhAaAL[XgATWDi@CgBKe@_@eAa@_AgB{AqCeB{@o@aAg@sAcAe@WuA_Au@[m@c@w@s@wCaBeAMeBLyC_A[CWB]Jy@h@i@dAGVAh@Lz@AHGDOOK]GiBOY_@Uw@C}AW{@_@aBqBmAu@aAeBWs@y@w@]GyAZ{@B]I{@i@YGo@Py@n@M`@?X\~@v@fAf@~@Rr@\pBEtBOp@AXBd@Jd@Ah@DbAC~@Gt@@ZAd@Fl@Lh@b@t@`@n@j@b@t@jA\Rh@N`@T|Aj@dAp@r@t@p@`BT^X^ZRj@JfBYx@N|@A`@PZb@n@vAZfDb@vAn@~@n@r@t@f@nAhA^FfCH`AIZMv@@hAM|ATj@Nd@Xn@Vr@p@h@t@z@j@\Jn@Hn@?f@Ln@v@n@jAFZBl@J`@F`@@dANd@t@p@d@F~@Ad@Jd@Z`B|Ab@tAH~@IlABj@b@jA`@r@b@Nl@t@TN`@j@f@Jb@Tr@L`Bd@\^P|@XP~@LTL`@t@v@^XXVx@NA\L`@@l@Rz@l@h@Bj@JtC`BFZC\_AxAEd@Bz@q@f@]p@i@zAUjAc@`ACz@St@i@f@EL?jASd@Ir@M^@JFHPFCLSN_@?YFYh@ORQb@e@CQBkAz@_AZ_@r@i@x@Ut@GRAn@Kf@QfBMh@Yh@Ij@GN_@b@QGc@]WC,2,5.754284365019201,54.1,9:24,203.41208,24,5.75
14754483462,Run,Morning Run,followers_only,2025-06-10 07:47:40+00:00,9168.2,3271,3607,2.803,87.6,22.0,15.0,2.0,145.6,163.0,154.8,209.0,153.0,506.4,}d|wFjtqbMBh@Ih@@JDHHDdA`@d@Dn@l@|@h@j@b@\NV?v@On@SFBLTPNPHb@BRFZNHFb@v@ZNV^j@`@FBl@D`@JNPd@|@NNVn@`@t@`@d@ZNTDX@d@EH@l@`@FHJTJh@Ff@Lb@R\`@XPFR?\CH?RFj@d@v@^l@b@\NXVn@^XXTZPLRBh@GH@`B|@nAj@p@j@rAtAa@\KRk@jBGPKJc@T]Xy@pBTYLCPDFANMR_@hBgG?YQ]iAw@i@c@cAq@c@Sk@m@a@u@Ba@CMUGOW_@KEEOWCKG?WQS_@IUMM{@g@[WUOa@c@e@W[Sa@Q_@c@i@a@GCs@M_@Oy@i@qAq@aBmAYM}@iA}AcAOQGQIGW]a@]O[EEI?mBAg@EICEGMe@MUSG]CKBq@\W@mAIc@EmAa@mAi@w@k@m@W{@k@g@UuA}@[WeDoB_DqByA{@aAe@gAq@_@Ss@g@UKkAw@qAu@sBuAm@YeBcA_BiA_CyA_CqAgAc@sBmAq@g@aBeA{AuAwD_CkAy@a@Uy@i@g@Wg@_@e@WqEsCq@i@_Ae@]WaAi@k@e@sCiBw@k@e@UwA}@IA?BNL^Nv@b@~AhAlBbAlInFh@T|@h@bCbB`@^fAj@bBfAx@d@XT|BzAlAdAbBbApBnAp@^t@XrAt@~AjA\P`Al@n@Z|@l@d@T~@j@nAp@dAt@f@Xp@h@xA|@f@TjCfBt@`@`BhAd@Rb@b@t@\dC`B|Ax@\NjBnAn@Zv@n@^D`@^r@\TFZBh@d@jC|APBz@?`@Bb@Xn@Pf@Zd@RZ\b@^`@Vl@XN@J@bAr@|@bALTBh@H\FNLPNLZL^VND\BFDR\XTPF\F`@r@b@j@RJRDbABRDh@f@rA|@nAr@vB`BPDZEH?d@V~@p@^RcAs@OQKSAIB?NKLUHg@COMQMC?Gb@aAHqAFGb@WLMb@w@\u@T]FO@KEU_@Yi@k@e@wAEBEL,2,5.696869524152759,54.516666666666666,9:34,72.17848,24,11.45
14759682495,Run,Afternoon Run,only_me,2025-06-10 17:11:09+00:00,5771.4,1988,2133,2.903,86.6,42.0,42.0,23.0,140.8,161.0,160.2,219.0,156.0,318.5,}x{wFrbqbMFM@a@Fc@d@i@H[JgA?YEa@?Wb@i@P]^kADa@Ng@BU^_@h@]JMFM^uAXuABK?oABIVc@BYHWFK\]Tq@RUACBMVq@b@[Xg@TWHa@FITOFILUD_@JWJILWb@_BJs@@q@Dc@b@aBPSVITCh@B|@Oj@UVSHURqCPk@Re@R]VYXUh@o@HULe@FgACw@O_A?o@f@qDTgAVcAD]A]Ik@ScAMSe@Oy@BYEmAw@g@_@a@q@i@_BUk@g@w@SQOIK?SFa@Da@?WEWOc@SmA_@yAW_AWa@Q[Us@a@e@a@q@c@c@i@eAgBm@i@[OQQq@Yo@So@YOIo@m@o@_@_@_@Wa@]cA]oAGc@Ek@?gACGGCEBCFGTa@z@Sp@UZa@Vg@Jg@Rc@FOD}@n@SZ[n@KXI|@K`@M~@a@bB_@dASZo@~AIl@B\HRZ^NJpAh@rAxA`@X\NTBdBF\NRNl@x@Vv@NpAGRAPFl@Hd@Th@d@j@PLr@Hp@CVBd@T^X\\p@hAPh@HfA?z@Fv@XlALRn@r@pAdA\T~@p@VN~Cv@XVd@hANTLH^Hr@l@jBdAh@HFHJFDRJDBLl@b@TDl@?\F\Cr@NRRp@t@z@p@^Nh@Cb@Kd@C`@Ix@JNHDH@NGxAKj@UdAUjBu@pCaArAANFZCJSPEj@_@vAYZEP@j@DNNLXBBFAJOz@W|@?NDXA^_@jAKd@EHm@XELFhCSh@AFBHCBHVNL,2,3.586190612300695,33.13333333333333,9:14,137.79528,24,15.04
14764805826,Run,Morning Run,everyone,2025-06-11 06:17:22+00:00,11864.6,4170,5221,2.845,88.5,48.0,52.0,27.0,162.9,185.0,172.3,288.0,170.0,718.4,sy{wF`aqbMXk@JYPW\kA^{@V{@Fq@TcAFI~@{@Rg@V_@Ps@Di@Tq@Hy@h@}@FUXuAJeAFWPe@x@kAHq@J_@@c@Js@Vc@TaACa@@aAD]L]Xa@rA_Af@kAX]`@GtBJb@Od@_@NSH[?}@F}@Hc@Rm@LY`@k@`A}@Ve@H_@Bk@GwAKqA@YPmAXmCl@cC@[Eg@Ow@IUu@SkA@WMuBcBQ[q@eBKa@c@u@MMi@Ke@Ba@Jk@C[KsBaAuBa@gAa@wA}@{@u@c@m@k@gA{@w@cBgAg@So@M]WeCcCi@aA]eAWcBCk@b@sECiAOg@kAmAkC_BkBqAaAg@cAu@]SYCC_@wAy@yB}AZF~CpBaAg@_DuBf@JzAdAxAnASOkCaBaAu@lAh@dAp@nA~@yAq@eCaBdAb@lCjBwEqC`Bx@zB`BWMkAw@yBuALDbAd@hBzA`@RcDmB}@q@f@L`BfAz@r@\NqAq@aCcBOGx@VxA|@~CbC~DdCr@Zb@^fBbAnAbAFTLl@FhACp@K|@GjA?x@j@zCJb@`@bAa@y@Um@S}@WwAC[@g@HgALaA@m@Iq@_@}@_@e@o@i@uDeCgAw@wCgBe@]uCeBy@q@iAo@p@T|Ar@jBrAtBlAzDrCvAz@`@LbAf@z@l@f@hAH`@Df@Ad@U`CGdA@f@f@tCL^Zn@JLIWc@u@Wu@Me@QgAAs@TiCBq@Cm@Kc@Og@Q[SUyAcAoCaBu@q@_CoAaBiAo@[u@k@_Ag@{@q@i@YA@PJjA`@tCnBzClBt@^nBpA|@b@VNHL^LbAd@d@ZZZb@|@Hp@CrAEj@UhAKdA?VZfBJb@v@vBHG^h@vAfA~Ap@jBbAfA`AbBdCpAhAzCpArAVpBl@lAH`AAh@LXRR`@j@lBPb@PRXTdAlAh@^THj@DtAUJDDJ@PCr@FvAA`@Ip@g@nBWzAItAAp@NpB?TGh@Ol@Sf@sAbB_@j@Q`@IjAQx@Al@IVKRWT[J_ABu@Cm@Lk@b@e@|@Or@[z@AHHV@TgAtCKv@Ol@Wt@g@`AW^Yt@GTGl@a@`Bk@tAOt@_@`ASjAe@h@g@v@g@jAUvBY|@S`A@FAd@,2,7.372338971255298,69.5,9:25,157.48032,24,22.41
14785475335,Run,Morning Run,followers_only,2025-06-13 06:27:22+00:00,7659.8,2690,2738,2.848,86.8,33.0,52.0,31.0,146.8,177.0,159.7,330.0,161.0,429.7,}w{wFhvpbMDYLc@@k@@IDEXCjAAF@JJLc@Ls@R]HSVUVa@HYD_@Z}@Hm@Vw@j@k@H_@P_@T[Hq@Ag@@KFOTa@J[VoAR[HSHk@NGFc@T_@d@a@z@oAFU?u@JFDCDaA@A^VVHH@FAAEa@Ue@c@e@OKKCOKIQK[Ge@Ws@Sk@Ya@m@GOMg@KO[M_@YGC]CaBo@o@c@s@o@e@YYg@[c@c@c@MYUqBD{@AYGQWg@[aAy@eAs@_@OA_ABUA}@[SQIUU}@C_@?s@U_B]{@eAkAMEg@GWFY@YCYKiA{@sA}Aa@UcAq@iAc@UMEIAI@Ib@e@`@k@lAkCNy@Rq@VuBR{@N[x@mAZYd@]z@]n@Gb@UV[^_APi@N}@B_AAWSwAIUQ]MQWSq@c@a@[m@a@yA}@a@Y_HuEyBsAwAcAm@]]KUC}@BwCOo@OkA][CSDQHc@f@MVG^Cj@BXXv@T`AHpABz@C~@Ef@Mn@[fAEPAR@x@Fh@FVj@`Aj@n@Rd@FVD`ACr@?v@JdCCt@IfACn@Dl@HZJb@Xr@Zd@X`@j@Z^Hp@Dv@Rx@H`B\^Bh@P~AP\Lh@DZHx@Zf@^h@VXRpAtA|@d@RHRDlB@^RXXd@|@L^Jz@@~@FhAJf@R^d@b@RJh@Fd@IV?PBd@Rp@h@r@bAVr@Ln@Dz@Ax@Bn@Hj@HVFHvBvBp@h@lAx@RDl@BXHb@FPH^`@Tv@Vf@RRf@TZFRHl@b@dAl@THf@ZJTh@^BHAJEFKBeA_@G??@l@VLXR@TFBH?NCRkA~Ei@rA{@fCOn@Uh@Sl@EPYl@q@tBs@~AKf@CVa@`@KPGx@L[Xi@ZsA\aATgAl@cBBOBi@Op@MZWz@m@xCKRKDCE@EVw@`@yAx@{BD]B?HD@A?HEV[r@Kf@Sd@e@pBCZf@uCl@eC,2,4.75959088819019,44.833333333333336,9:25,108.26772,24,27.17
14796391600,Run,Queens 10K - 48:07,everyone,2025-06-14 07:48:14+00:00,10124.8,2893,2893,3.5,87.2,48.0,17.0,1.0,176.5,187.0,201.7,369.0,203.0,583.6,ixuwF`|saMjAEd@@zAXrAf@~A^^LbAb@nAz@ZZx@n@b@b@h@`@RTl@`B`@rAp@jB\z@JJHAh@o@h@e@`DoAN?`CJXHf@DRLX\Ll@D`@?ZG|@?n@Ez@BlAH|@Z|B^jBVz@Vl@DT\l@f@pAp@rAh@l@z@RR@JAHERQT_@F]?OGq@Ke@c@qAG_@@OHo@AOCMMQMKKCM?KDIHGNKp@EJQPoIpDy@Xe@Be@Cc@OQQWa@mAkAa@u@[w@AOBQJ[~AkCLOHEJ@HFRTv@hApClEp@fBNn@L`ABx@I~ACNe@dBo@~AgAtAOVYZ]XYNu@h@a@Ri@Rg@JiFfB}@PqAf@qC~AcA~@kBrA_A^WFo@DqACSDeA`@gB`AWJe@Z{A\q@f@o@|@KZGj@CHGHMD[@s@CU@i@TgAn@o@VkAXy@j@sBXGBs@Lg@DoBDcAEgAOuBs@kAu@s@q@s@y@cB_Cg@{@w@_AIW@KDGPMHCJ@FFj@`B~@fBp@bAlAlAdAx@fAj@r@T~@LlAFhBA`AK~@Qb@Eh@Mx@_@f@M~@i@h@IZKbB}@|@u@LEj@GVKROn@w@VSd@Sd@MxAm@`@S~@m@\KXGbDUr@a@^WRSFKBMAOQk@OQSAOJCJ?\dAzDNx@Nf@Hr@JZZj@h@d@t@b@`AVp@B|AKd@Kb@Ez@YtAcAn@y@n@yALu@Lc@Dm@Ak@Do@Gu@c@mBc@yBOmA[oAA_@H[HKz@s@j@St@a@\Kl@IVOHGh@aARaAD_@@_AAc@EQIKICMH[j@mAx@UBu@AUDk@`@u@Za@\W@KDGHELCLDZf@|A@PCRGNSTa@Zm@Z_A^k@^c@N{@j@YLc@PK?IGEOQgAAOBMFK\_@NUJ_@?e@Io@Yg@SQ_@KUBULGJO\Gb@CvACNGJ{B|@i@ZYFOAIIO]]kBa@cBUuAEOKKq@a@y@U]UsAe@g@Ce@U}Am@g@MUUEOOeAF_@tA{Bp@oAt@w@Zg@nAoAbAw@nAs@JEL?PJNZ\vAfAzCTz@PbAZfAN\\d@LXJ\Jj@^nAJd@DHF@VEPMBKAOYwAMe@Yq@Kc@EeAQcBm@mBSoA]}Ai@uCGOKGm@AKGEKEW,2,6.291274684031963,48.21666666666667,7:39,157.48032,24,33.46
14812223328,Run,Afternoon Run,followers_only,2025-06-15 17:18:50+00:00,20241.2,6619,6717,3.058,87.5,165.0,52.0,24.0,152.4,167.0,171.2,337.0,173.0,1133.5,wt{wFpdqbMbAc@tBiCr@MlAw@KgAmAaBEm@Va@xA{@AaAxAmBHc@DsBqAeB}BkElLuGNi@dC[JKMc@`@ETMAWfAv@PfCp@k@DgAMc@Xc@ZgAF_ANStDnAtD|A|BbBd@|@z@z@@h@dEvF|CzB\BjAgB`AaAvAeC~@mB`@iC?cBiAcB{HcEsCeCYy@?qAtAaFRyAA[k@gAgBcB}CwAMi@m@}@Bo@_@sAc@w@u@o@wDaAoAF[b@cAZyAWmA{@uE}GiCGkHqB}AaAoBwBqBiCiHaDwA_Cs@{DOoAj@qB?uBk@mBg@a@iDuAiEwCkHmFoBaA_@o@gFiBmCRoA_@cBZkBvAgAIeDiBuBsBsBaDDc@_@X}@}@y@_@_CRqGkAeBmB{@gCm@c@q@\c@|@L|AhAxALt@CpAq@hAi@EsAqAmE{CmCu@{D~Cm@jAk@n@Qt@BtBTbBeAtATr@nAnARj@vAJ|@s@Zs@JoCp@q@|COx@a@|BTvCbDhA~Dl@`@t@~@bCbBZjCx@pA~@tCjBfA~@`AfAD|@`AbA^p@|@pAzC^^zAn@bAWjBBbBdBVj@j@dFnAlCt@h@Bl@pE`@hBX~DcA^DnB~@hCj@hBpCfAhCv@l@jALtCMdAf@tDlDz@hAF`@jAfBnAp@tBbF`DfEtBj@jGUjCx@jAvAFzATv@tApAp@RXl@vIhCx@l@jAtA|@tCDb@h@f@Tr@`ClBf@FW\kAh@GPPThEaAzCcBlDsEnA{Dy@gCe@o@eGyCmC{Bu@kBYqAPaBbBsCJmAG]sBuCu@m@aAWaBwAsA_C[_AaAmAeDqAoATsAfAwBWoD_EYqAw@oAiDIgAk@uEaA_DoBqBsCwAwAiCaAg@k@uAs@wAeCs@oCOmAD{Ah@wAAoAoA{BmA_@kOcKeA}@kH_E{A[yAHmD_@_AXaBjA}AI_By@aFwE}@{ATq@e@^iAkA{@IoDR}Cc@]TSdA?rAv@~@tBbERrAOpAi@vBgB|CbA`B`AzE~@|A`DpBfCz@fBlAvAdCNt@j@r@jAf@bDElBrANTj@jE\x@zCjE`A^h@l@xCXzEsAhAC`ARpElDf@v@dAtCv@n@~@VjCOjBd@|BhCjA~BpGjHdDnGlAt@x@jAhCfBfAtADVu@tBa@z@Cx@VfAc@|Cy@~AgBbBIzAm@bBcCvEKhBa@d@,2,12.57732983707607,110.31666666666666,8:46,541.3386,24,46.04
14822037733,Run,Evening Run,followers_only,2025-06-16 18:38:49+00:00,5009.2,1808,1808,2.771,86.2,22.0,25.0,5.0,137.7,164.0,158.8,332.0,160.0,287.1,u{{wFnjqbMKj@aAb@[Xs@`@]ZcAxAGVWTMGIe@?UOOWIsAW[OWE[B[PWFO@IAi@[_@WWMYUs@YaAq@cAk@[M_@[qA{@QIo@g@}@m@k@W]WwA{@g@]k@WMM[MgC{Aq@]_@YgBiA}@q@kAs@oAm@cAo@a@Qu@Yc@U}AcAc@]eAk@_@[kAkAaAg@aC{AsCmBq@]_@[mC_BeAu@iAo@_EmCe@a@SI]Ky@m@]OYQe@QuA}@YYGCA@BDFDl@R~A~@RHx@b@dBxAvAx@bC`Br@^h@`@~@f@|@l@jAj@x@t@pAx@~@n@|@f@tA`ApAt@z@~@RPbCvA|B|A|@\|@b@~@p@bAp@p@\`BdAZP^NjBjA~@d@x@h@b@R\TzA|@b@^zD|Br@h@zA~@n@^dBv@`Al@j@d@nAt@hA|@dAj@v@j@PHl@TP?LMBSEi@GQg@q@_@YCEBETAf@BVFPJ|@yB\a@rAi@Z]NKb@i@n@o@JS?[N]BS,2,3.112580312426212,30.133333333333333,9:40,72.17848,25,3.11
14827241000,Run,Morning Run,everyone,2025-06-17 07:13:27+00:00,15318.6,5288,5540,2.897,85.9,119.0,73.0,32.0,147.5,169.0,152.7,307.0,154.0,807.5,}i{wFj_pbMp@qBNmBZi@Ly@^mAn@e@N[NkAn@gCb@Kr@JhB]r@a@LQJqCNm@|@{At@q@Va@XaA@u@ScDZgCz@mEDaAM}AL_Ap@aAt@s@`@yC|@yBj@Gb@d@t@`@j@a@XsAt@}BAm@z@iCFw@NDTYVw@Fe@bCeHHk@jAeBLw@Vg@PyAx@qAnAyEb@_AZcAX{Ah@e@?mAE]~CoHl@_A`Ay@HcBY_A?Uv@_ADSCKl@iAXaAN[Ga@D]\WtAmCfBGzAv@jKdJnDbEvArAjHfJr@j@NdA`@l@r@`@p@n@bA^pGlDfA`AvCfBdAbBrB~BENI?c@_@QCq@jAEQICa@XDLEA[dAI~@H`@l@zAB`AG^YXSFs@Q}BKgDqA{A[i@q@{@OK[m@MoAw@gB]m@XYhAg@h@IM?QVmA?sBLw@h@eA\cA|A{B`AoE|@yBbAeEv@qBd@eBt@iBh@kBv@mBxEwOh@sAR_AnB}FnBoFv@_DvCiI`AoDf@wAX_@Js@`C{Gh@eAf@_B~@_ERm@f@w@Lk@NA?RYl@EhAkBrCwAjDkAjEa@r@G^]x@_BvF{GdSgDpJk@fCm@pAcE~La@zAIjA}@bBm@~AqClIkAzDe@bAc@hBQ~Bc@p@QvAYLBd@s@xAUrBy@bCCp@}@fCOz@eB`D]|Ae@jAuAbGUZW`ASNm@DYe@SGQ@OPYv@QnA[`@G`@s@rAZ@FL?J_CtEM|@e@xAAp@QfAg@l@a@NuAlCSLeBq@kAm@aA\g@b@qAl@_BV{B?sCi@cAg@y@}@KAG|@o@zAIl@FzBb@|ArB|B`FdC|Af@r@bABr@KhABtAQbA[fAc@z@e@l@I\o@lA}@lA}Ap@o@@aA]cBkA}BgCs@cBm@y@Yu@mBuBiCmAiBa@eCcAqA{@u@MQQ]w@QO{B`@wAQ_@Ba@\Gd@Bz@e@~A_A|A]ZwApC_@bBD\UlAm@|A{@pAUbAo@`BShAWl@HThAp@f@j@[p@Ot@@ZMv@Yl@]rAMbBw@|AIn@Yj@Tc@bA}C_@`@aAbDR]l@kCTm@AXa@r@Ip@_@bAxA{DKn@[VIj@g@tA^m@f@iBFg@,2,9.51856040364373,88.13333333333334,9:15,390.41996,25,12.63
14837849186,Run,"6x (800@T, 400rec)",everyone,2025-06-18 06:21:42+00:00,13010.0,4045,4567,3.216,88.5,65.0,56.0,38.0,161.4,185.0,183.9,268.0,180.0,743.8,or{wFtspbM\i@Zw@\YBIAkAT}@Jk@\eAHu@~@sBAe@D[b@{@d@]Zy@`@kBHs@BG\UCu@d@aATy@b@iAd@eBHIZK|CGRIf@_@LSDYI}@?Mh@{BXc@vAsAXi@Je@BYKoBMsA@SBUPo@fAsFFq@Eq@[sAIKUEqA?o@[eB}A[][m@U}@Uk@w@w@_AEo@Lg@ImBs@wC{@gAk@sAi@aAcAwAaCu@q@eB_AaAYq@a@qAeAo@{@c@{@]sAQ_AGw@A[^{CBk@Ay@Sm@S[a@a@yAeA}A}@oEyCg@URDj@XrBrArG`ERPZj@HRBV@pAUfCEfAB`@Nj@\lBPh@V^a@u@M_@UeAQsAEi@R_EEqAK_@O]_@_@_HyEsEoCoHeFgAq@kBaAu@KgCN_@EaA]aAAo@LcAv@CHj@m@b@Yz@Qd@BxAVbDKz@L`Ad@dB`AfCfBbB|@|@v@nEtCdCrAvDnCPRTb@Nd@D^GtA]nC@~@b@zBx@tBAMy@qBa@oBCgARqD?a@Ca@Mg@Qa@SSwEmCaBgAoCqBeAk@iEkCmByAgAi@e@]k@UaBQoAHw@Iu@ScAAg@L]Ry@z@|@{@t@Yp@Kf@@x@V|CKdAR|BhArA~@pDrBnBvAf@TvA|@h@h@`@X`Ad@rA~@fAl@`At@l@p@N`@Fd@EjA_@~D@Xj@vC\`ANZF?y@eCa@wB?_ANkDMuAO_@IKoG_EcBmAy@a@aD{B_CuAmDmC}BkA_AIaABb@Ml@ClAJ`@NxEnCxAfAn@^l@h@rAv@xEpDdA`@t@d@lAf@fA|@Xv@Db@?l@_@zDCx@VdBh@zBp@nAl@f@dAr@zAh@zAt@dAfAjA~AzArA`@Vn@RfAn@nDx@~Ad@X@dAOf@NTPNZh@xANn@Rb@t@z@bBpAd@Nv@Ap@SH?DFBxBFv@?\E\e@dBk@zDAz@NnABbAEl@Mh@]v@gAhAc@r@[tAC~@MVGx@MTo@\m@Ne@Em@O]HUZSd@Ih@ITg@f@s@vA]Xc@nBS`@g@vA_@d@EP@b@LVBR[pAATyAtBg@jAUz@]x@Kh@O^AV_@n@AZEJ[h@e@fBe@x@g@rAQrA,2,8.084059303813985,67.41666666666667,8:20,213.2546,25,20.72
14849483826,Run,Morning Run,everyone,2025-06-19 08:13:42+00:00,8144.0,2846,2923,2.862,86.2,85.0,32.0,8.0,152.3,173.0,164.0,253.0,163.0,466.8,}r`xFtpmbMBVVe@VEX@FGDSH@?EDBD?LETm@De@Rq@Lq@HGL?HLDMRQDIXaC?w@B_@Li@PcAPi@b@aCXm@Lm@FI\GNQLUFe@?sAB_@Rk@Lo@d@kAVa@ZmABCF?ZRH@@AJg@XyA@]E]@QZm@l@q@j@UDMBYDKFI\ENIREZFVJHHd@jAZ\PJdALPCZSLYZ_Ah@yCJULQ`@Q`@Iz@HR?f@M`A]j@GR?\N^d@x@p@n@jATl@Dj@\jBJ`@R`@d@\n@TdAd@\b@f@lAZdBBl@l@tAl@jAf@`@v@`@VPj@VPLp@Rl@Ln@Xd@d@j@X^d@Tb@P`@l@jBPZTR`A`@f@F\Cp@SZER@\Lh@b@^l@Tn@d@hBVrAPl@`@p@Vj@~@hAPN`B~@fA`@^?`AT\Ct@_@`Bc@l@]LA\D`@CH?|Av@jA|@ZZt@~@Xb@Ph@dApBh@j@RLPJP@hAItAAb@@`@Hl@Xb@d@VNPb@^f@Pv@LXd@b@JRTTb@p@RVTNp@v@j@`@|@|@^p@`@~@b@v@Pl@X`@n@bATTf@V`@FTJVDf@OdBAh@EZG^?v@GZA\F^PbAn@LTBLFr@@`AEl@IXIHc@RgAN{AMc@?MMAKBKRWTM,2,5.060459567276027,47.43333333333333,9:22,278.8714,25,25.78
14859914208,Run,2x 10min@T w/2min rec,everyone,2025-06-20 06:16:12+00:00,13689.5,4334,5390,3.159,88.4,104.0,47.0,17.0,162.9,184.0,180.7,259.0,176.0,783.0,ww{wFn~pbMBcAXq@Z}Ad@y@^sAd@i@Jc@^e@Vo@@{@FWt@oCd@aAJm@Ti@NeA~@oAb@uABo@NeAB}@FYZ_@|@cBf@oAXYn@eB`@ObCBn@Q\YJ[LwA?}@Nw@b@q@`A_Al@cAJe@?]Au@Mo@EaA@m@xAwIEw@[qAWQcA@m@K_BsAqAiBg@yAm@aAo@S_APc@G_C{@eCm@gAm@gA]oAkAwA_Cw@w@}A{@sAc@{BcBw@}@m@iA]qBOkB\oCF_BGc@]y@a@c@eCoAyHcFAKMKcEwCwEuC{BaAaACwAPaBe@_@AgBVa@Xi@j@WJcAE{Am@aBcAqBsB}BwCsAqAo@ImBNoEe@YDSPK`@Ev@D`AJ\nAlBp@xAVbADv@GlAUbA[t@oAfBK^BNn@hA\tB\rArAxBdCdBv@Xz@j@hBn@pAnAvAfD`@`@v@`@v@LlAQl@@v@d@d@d@Vb@bArEh@tAvApBdA~@`Al@r@ThBTxBWbAa@z@On@ChARnAn@xAxA~@pA~@dCt@x@h@Rf@FdDEbD`BPTXv@nBxC|@dAx@n@nBzBrAlDd@l@h@`At@t@bBb@xG[nAJdAd@p@x@XiARe@zAqBd@kA@wAMmC\kCz@wEAoAIm@MWQGqBGoB{A_@e@i@oASgAO_@m@o@w@IqARc@Iy@a@gCe@aA]_CqAiBiBiAgBqAkA_Ag@gBm@}AgAu@_AYk@a@mCUs@?iAJkABoCk@mB]_@qEkC}@s@qBoA[GGXJJlAv@nA^z@z@hCvAp@t@d@jCDlAG`AVl@B`ANvA\jA^|@x@x@`BfAlBv@|A~@rAxAt@lAbA~@xAf@dAn@jEbAlAf@lACt@P\^|@jCT`@vCjCl@LfAEb@Kx@i@p@KxAT|Ar@rAdAx@lBd@tAn@z@z@h@xAj@v@x@l@dBHlAAn@G^iAlDDpAXbATd@x@jAl@l@l@`@rGbDXXZd@Jb@Dp@A`A{@fEy@pBk@z@Md@e@\g@x@eAj@@TZd@bAzB?^G^e@jAa@h@O`@KN]Je@bAM^MbCa@bBW~AsBtCQ~@Ud@}@vCy@~@G\AdAIZUXOxAu@zAa@fAa@h@q@zD,2,8.50628207836753,72.23333333333333,8:29,341.20736,25,34.28
